,predicted_1y_cubed,actual_3y,abs_diff
Aaa,77.87,92.0,14.129999999999995
Aa1,100.0,100.0,0.0
Aa2,100.0,95.83,4.170000000000002
Aa3,86.19,86.73,0.5400000000000063
A1,73.43,62.5,10.930000000000007
A2,83.6,74.73,8.86999999999999
A3,68.81,72.04,3.230000000000004
Baa1,69.94,72.04,2.1000000000000085
Baa2,76.04,70.93,5.109999999999999
Baa3,56.06,62.03,5.969999999999999
Ba1,51.24,37.65,13.590000000000003
Ba2,55.45,56.41,0.9599999999999937
Ba3,43.26,54.88,11.620000000000005
B1,41.18,46.05,4.869999999999997
B2,34.87,27.85,7.019999999999996
B3,28.6,31.94,3.34
Caa1,41.47,32.31,9.159999999999997
Caa2,20.45,23.88,3.4299999999999997
Caa3,12.1,0.0,12.1
Ca,4.52,11.0,6.48
C,12.5,0.0,12.5
Default,100.0,100.0,0.0
